id,clue,answer,difficulty
0,coffee,umber,1
1,coffee,java,1
2,coffee,chocolate,1
3,dog,cad,1
4,dog,track,1
5,dog,heel,1
6,dog,tail,1
7,dog,blackguard,1
8,dog,trail,1
9,dog,hound,1
10,dog,click,1
11,dog,tag,1
12,dog,pawl,1
13,ice,frost,1
14,ice,frappe,1
15,ice,icing,1
16,ice,frosting,1
17,bed,bang,1
18,bed,love,1
19,bed,bottom,1
20,bed,hump,1
21,bed,screw,1
22,bed,know,1
23,bed,bonk,1
24,bed,jazz,1
25,day,daylight,1
26,day,daytime,1
27,shoes,place,1
28,clock,time,1
29,bat,flutter,1
30,bat,lumber,1
31,bat,lick,1
32,bat,thrash,1
33,bat,drub,1
34,bat,clobber,1
35,bat,chiropteran,1
36,eggs,egg,1
37,earth,world,1
38,earth,ground,1
39,earth,land,1
40,earth,globe,1
41,tea,teatime,1
42,moon,daydream,1
43,moon,lunation,1
44,moon,moonlight,1
45,moon,moonshine,1
46,sand,grit,1
47,sand,gumption,1
48,sand,backbone,1
49,sand,guts,1
50,sand,sandpaper,1
51,cow,overawe,1
52,chair,lead,1
53,chair,moderate,1
54,chair,chairman,1
55,chair,president,1
56,chair,preside,1
57,chair,chairperson,1
58,chair,chairwoman,1
59,cake,bar,1
60,cake,coat,1
61,cake,patty,1
62,wave,flourish,1
63,wave,undulate,1
64,wave,flap,1
65,wave,undulation,1
66,wave,beckon,1
67,wave,curl,1
68,wave,brandish,1
69,wave,wafture,1
70,wave,waving,1
71,pen,compose,1
72,pen,indite,1
73,pen,penitentiary,1
74,pen,write,1
75,pen,playpen,1
76,snow,coke,1
77,snow,hoodwink,1
78,snow,bamboozle,1
79,snow,snowfall,1
80,snow,cocain,1
81,snow,cocaine,1
82,kitten,kitty,1
83,red,chromatic,1
84,red,carmine,1
85,red,ruddy,1
86,red,crimson,1
87,red,aflame,1
88,red,violent,1
89,red,cherry,1
90,red,scarlet,1
91,red,bloody,1
92,red,bolshevik,1
93,bread,loot,1
94,bread,lucre,1
95,bread,kale,1
96,bread,pelf,1
97,bread,gelt,1
98,bread,dough,1
99,bread,dinero,1
100,bread,breadstuff,1
101,bread,moolah,1
102,donut,doughnut,1
103,donut,sinker,1
104,sink,pass,1
105,sink,drop,1
106,sink,lapse,1
107,sink,settle,1
108,sink,slump,1
109,sink,bury,1
110,sink,dip,1
111,sink,sump,1
112,sink,cesspool,1
113,winter,wintertime,1
114,watch,ascertain,1
115,watch,observe,1
116,watch,sentry,1
117,watch,see,1
118,watch,view,1
119,watch,check,1
120,watch,determine,1
121,watch,scout,1
122,watch,picket,1
123,watch,follow,1
124,puppy,pup,1
125,key,significant,1
126,key,cardinal,1
127,key,fundamental,1
128,key,important,1
129,key,operative,1
130,key,identify,1
131,key,describe,1
132,key,primal,1
133,key,distinguish,1
134,key,name,1
135,cereal,grain,1
136,bathroom,privy,1
137,bathroom,facility,1
138,bathroom,john,1
139,bathroom,lavatory,1
140,bathroom,lav,1
141,bathroom,bath,1
142,bathroom,toilet,1
143,bathroom,can,1
144,honey,chromatic,1
145,honey,love,1
146,honey,beloved,1
147,honey,dearest,1
148,honey,colored,1
149,honey,dear,1
150,ocean,sea,1
151,lunch,luncheon,1
152,lunch,dejeuner,1
153,lunch,tiffin,1
154,lemon,gamboge,1
155,lemon,maize,1
156,lamb,dear,1
157,rabbit,hare,1
158,rabbit,cony,1
159,rabbit,coney,1
160,rabbit,lapin,1
161,frog,anuran,1
162,frog,salientian,1
163,frog,batrachian,1
164,frog,frogs,1
165,frog,gaul,1
166,frog,toad,1
167,frog,toadfrog,1
168,zoo,menagerie,1
169,glasses,specs,1
170,glasses,eyeglasses,1
171,glasses,spectacles,1
172,spoon,snog,1
173,spoon,smooch,1
174,spoon,spoonful,1
175,snail,escargot,1
176,pan,trash,1
177,story,narrative,1
178,story,level,1
179,story,chronicle,1
180,story,report,1
181,story,account,1
182,story,recital,1
183,story,yarn,1
184,story,tale,1
185,story,history,1
186,story,tarradiddle,1
187,pig,guttle,1
188,pig,devour,1
189,pig,raven,1
190,pig,gulp,1
191,pig,bull,1
192,pig,fuzz,1
193,pig,hog,1
194,pig,slob,1
195,pig,copper,1
196,pig,sloven,1
197,room,way,1
198,room,board,1
199,hat,chapeau,1
200,hat,lid,1
201,saw,adage,1
202,saw,proverb,1
203,saw,byword,1
204,boat,sauceboat,1
205,chick,wench,1
206,chick,dame,1
207,chick,skirt,1
208,chick,doll,1
209,chick,bird,1
210,chick,biddy,1
211,hose,tights,1
212,hose,hosepipe,1
213,school,cultivate,1
214,school,shoal,1
215,school,train,1
216,school,educate,1
217,school,schooling,1
218,school,civilize,1
219,school,schooltime,1
220,school,schoolhouse,1
221,bowl,trough,1
222,bowl,stadium,1
223,bowl,bowlful,1
224,bowl,arena,1
225,bowl,basin,1
226,cat,cast,1
227,cat,sick,1
228,cat,disgorge,1
229,cat,vomit,1
230,cat,regurgitate,1
231,cat,spue,1
232,cat,guy,1
233,cat,retch,1
234,cat,regorge,1
235,cat,upchuck,1
236,phone,ring,1
237,phone,call,1
238,phone,sound,1
239,phone,earpiece,1
240,phone,telephone,1
241,phone,earphone,1
242,phone,headphone,1
243,pool,consortium,1
244,pool,syndicate,1
245,pool,kitty,1
246,pool,puddle,1
247,pool,combine,1
248,pool,pond,1
249,bus,coach,1
250,bus,omnibus,1
251,bus,heap,1
252,bus,jalopy,1
253,bus,jitney,1
254,bus,charabanc,1
255,bus,autobus,1
256,bus,busbar,1
257,bus,motorbus,1
258,ball,clump,1
259,ball,clod,1
260,ball,nut,1
261,ball,lump,1
262,ball,globe,1
263,ball,gonad,1
264,ball,bollock,1
265,ball,testicle,1
266,ball,glob,1
267,ball,ballock,1
268,jam,impede,1
269,jam,muddle,1
270,jam,crush,1
271,jam,throng,1
272,jam,obstruct,1
273,jam,block,1
274,jam,hole,1
275,jam,press,1
276,jam,pile,1
277,jam,cram,1
278,wallet,billfold,1
279,wallet,notecase,1
280,soil,dirty,1
281,soil,ground,1
282,soil,land,1
283,soil,filth,1
284,soil,colly,1
285,soil,stain,1
286,soil,bemire,1
287,soil,grease,1
288,soil,dirt,1
289,soil,begrime,1
290,bench,judiciary,1
291,bench,workbench,1
292,bench,terrace,1
293,dress,set,1
294,dress,plume,1
295,dress,preen,1
296,dress,apparel,1
297,dress,trim,1
298,dress,raiment,1
299,dress,crop,1
300,dress,clip,1
301,dress,garnish,1
302,dress,coif,1
303,mop,pout,1
304,mop,mow,1
305,mop,swab,1
306,mop,swob,1
307,joke,jape,1
308,joke,antic,1
309,joke,wheeze,1
310,joke,gag,1
311,joke,caper,1
312,joke,jest,1
313,joke,laugh,1
314,joke,trick,1
315,joke,jocularity,1
316,joke,prank,1
317,broom,sweep,1
318,broom,heather,1
319,broom,ling,1
320,soda,tonic,1
321,soda,pop,1
322,gym,gymnasium,1
323,spring,recoil,1
324,spring,give,1
325,spring,form,1
326,spring,rebound,1
327,spring,bounce,1
328,spring,jump,1
329,spring,leap,1
330,spring,ricochet,1
331,spring,outpouring,1
332,ring,resound,1
333,ring,echo,1
334,ring,call,1
335,ring,reverberate,1
336,ring,band,1
337,ring,peal,1
338,ring,round,1
339,ring,environ,1
340,ring,circle,1
341,ring,annulus,1
342,bag,base,1
343,bag,grip,1
344,bag,bulge,1
345,bag,purse,1
346,bag,dish,1
347,bag,handbag,1
348,bag,pocket,1
349,bag,udder,1
350,bag,pocketbook,1
351,bag,suitcase,1
352,bun,roll,1
353,milk,whitish,1
354,milk,milklike,1
355,milk,milky,1
356,bear,yield,1
357,bear,abide,1
358,bear,conduct,1
359,bear,hold,1
360,bear,endure,1
361,bear,carry,1
362,bear,deliver,1
363,bear,have,1
364,bear,accept,1
365,bear,stand,1
366,radio,wireless,1
367,radio,tuner,1
368,bucket,pail,1
369,bucket,bucketful,1
370,cone,conoid,1
371,cone,strobilus,1
372,cone,strobile,1
373,grape,grapevine,1
374,cheese,cheeseflower,1
375,snack,collation,1
376,snack,bite,1
377,snack,nosh,1
378,crab,crabmeat,1
379,ketchup,catsup,1
380,ketchup,cetchup,1
381,tissue,weave,1
382,ruler,rule,1
383,cafe,coffeehouse,1
384,egg,nut,1
385,egg,ball,1
386,egg,gonad,1
387,egg,bollock,1
388,egg,testicle,1
389,egg,ballock,1
390,egg,testis,1
391,egg,eggs,1
392,picture,depict,1
393,picture,fancy,1
394,picture,project,1
395,picture,show,1
396,picture,see,1
397,picture,figure,1
398,picture,impression,1
399,picture,depiction,1
400,picture,image,1
401,picture,scene,1
402,beep,blare,1
403,beep,toot,1
404,beep,claxon,1
405,beep,honk,1
406,beep,bleep,1
407,coat,cake,1
408,coat,coating,1
409,coat,surface,1
410,closet,secret,1
411,closet,press,1
412,closet,confidential,1
413,closet,wardrobe,1
414,closet,loo,1
415,closet,cupboard,1
416,ham,gammon,1
417,ham,overact,1
418,ham,jambon,1
419,ham,overplay,1
420,book,hold,1
421,book,leger,1
422,book,script,1
423,book,volume,1
424,book,daybook,1
425,book,playscript,1
426,book,ledger,1
427,book,record,1
428,screen,cover,1
429,screen,shield,1
430,screen,sieve,1
431,screen,test,1
432,screen,concealment,1
433,screen,sort,1
434,screen,blind,1
435,switch,shift,1
436,switch,throw,1
437,switch,change,1
438,switch,interchange,1
439,switch,exchange,1
440,switch,trade,1
441,switch,alternate,1
442,switch,permutation,1
443,switch,substitution,1
444,switch,replacement,1
445,monkey,rascal,1
446,monkey,scamp,1
447,monkey,rapscallion,1
448,monkey,scallywag,1
449,monkey,tinker,1
450,monkey,scalawag,1
451,monkey,tamper,1
452,monkey,putter,1
453,seat,stern,1
454,seat,butt,1
455,seat,ass,1
456,seat,bum,1
457,seat,prat,1
458,seat,induct,1
459,seat,bottom,1
460,seat,tail,1
461,seat,arse,1
462,seat,fundament,1
463,duck,elude,1
464,duck,circumvent,1
465,duck,evade,1
466,duck,dodge,1
467,duck,skirt,1
468,duck,dip,1
469,duck,hedge,1
470,duck,fudge,1
471,duck,sidestep,1
472,napkin,nappy,1
473,napkin,diaper,1
474,napkin,serviette,1
475,pancake,flapjack,1
476,pancake,griddlecake,1
477,pancake,hotcake,1
478,pancake,battercake,1
479,pancake,flapcake,1
480,pancake,flannelcake,1
481,shelf,ledge,1
482,park,common,1
483,park,commons,1
484,park,ballpark,1
485,park,green,1
486,knife,tongue,1
487,knife,stab,1
488,toast,crisp,1
489,toast,pledge,1
490,toast,salute,1
491,toast,drink,1
492,soap,lather,1
493,mug,countenance,1
494,mug,visage,1
495,mug,mark,1
496,mug,fool,1
497,mug,sucker,1
498,mug,physiognomy,1
499,mug,chump,1
500,mug,patsy,1
501,mug,gull,1
502,muffin,gem,1
503,envelope,gasbag,1
504,sky,pitch,1
505,sky,toss,1
506,sky,flip,1
507,fork,separate,1
508,fork,crotch,1
509,fork,ramification,1
510,fork,ramify,1
511,fork,branching,1
512,fork,leg,1
513,fork,forking,1
514,fork,branch,1
515,fork,pitchfork,1
516,tick,beat,1
517,tick,click,1
518,tick,ticking,1
519,tick,ticktack,1
520,tick,ticktock,1
521,tick,retick,1
522,balloon,inflate,1
523,balloon,billow,1
524,green,chromatic,1
525,green,naive,1
526,green,naif,1
527,green,common,1
528,green,raw,1
529,green,viridity,1
530,green,immature,1
531,green,gullible,1
532,green,new,1
533,couch,cast,1
534,couch,lounge,1
535,couch,frame,1
536,couch,put,1
537,couch,redact,1
538,couch,sofa,1
539,paper,composition,1
540,paper,report,1
541,paper,theme,1
542,paper,wallpaper,1
543,paper,newspaper,1
544,blue,grim,1
545,blue,chromatic,1
546,blue,dejected,1
547,blue,dismal,1
548,blue,sexy,1
549,blue,profane,1
550,blue,gloomy,1
551,blue,dark,1
552,blue,noble,1
553,blue,downcast,1
554,hammer,forge,1
555,hammer,pound,1
556,hammer,pounding,1
557,hammer,malleus,1
558,hammer,gavel,1
559,hammer,hammering,1
560,gloves,glove,1
561,goose,zany,1
562,goose,jackass,1
563,goose,cuckoo,1
564,goose,goof,1
565,goose,fathead,1
566,bedroom,bedchamber,1
567,bedroom,chamber,1
568,glass,glaze,1
569,glass,spyglass,1
570,glass,glassful,1
571,down,blue,1
572,down,downcast,1
573,down,dispirited,1
574,down,low,1
575,down,land,1
576,down,perfect,1
577,down,devour,1
578,down,cut,1
579,down,downhearted,1
580,down,kill,1
581,belt,bang,1
582,belt,smash,1
583,belt,rap,1
584,belt,knock,1
585,belt,bash,1
586,belt,whang,1
587,belt,swath,1
588,belt,whack,1
589,blanket,broad,1
590,blanket,panoptic,1
591,blanket,cover,1
592,blanket,encompassing,1
593,blanket,wide,1
594,blanket,mantle,1
595,cold,gelid,1
596,cold,bleak,1
597,cold,frigid,1
598,cold,intense,1
599,cold,insensate,1
600,cold,cool,1
601,cold,crisp,1
602,cold,dead,1
603,cold,frore,1
604,cold,raw,1
605,snake,ophidian,1
606,snake,auger,1
607,snake,hydra,1
608,snake,serpent,1
609,right,good,1
610,right,powerful,1
611,right,proper,1
612,right,suitable,1
613,right,appropriate,1
614,right,moral,1
615,right,precise,1
616,right,decent,1
617,right,exact,1
618,right,opportune,1
619,market,marketplace,1
620,market,grocery,1
621,bird,snort,1
622,bird,wench,1
623,bird,dame,1
624,bird,hiss,1
625,bird,skirt,1
626,bird,doll,1
627,bird,fowl,1
628,bird,hoot,1
629,bird,chick,1
630,bird,boo,1
631,candle,taper,1
632,candle,candela,1
633,wool,fleece,1
634,wool,woollen,1
635,wool,woolen,1
636,bike,cycle,1
637,bike,bicycle,1
638,bike,pedal,1
639,bike,wheel,1
640,bike,motorcycle,1
641,fast,profligate,1
642,fast,prompt,1
643,fast,libertine,1
644,fast,hot,1
645,fast,degenerate,1
646,fast,riotous,1
647,fast,vivace,1
648,fast,true,1
649,fast,immoral,1
650,fast,firm,1
651,chicken,fearful,1
652,chicken,wimp,1
653,chicken,cowardly,1
654,chicken,crybaby,1
655,chicken,volaille,1
656,mouse,creep,1
657,mouse,sneak,1
658,mouse,pussyfoot,1
659,mouse,steal,1
660,sad,wistful,1
661,sad,melancholy,1
662,sad,pensive,1
663,sad,yearning,1
664,sad,melancholic,1
665,sad,doleful,1
666,sad,wretched,1
667,sad,deplorable,1
668,sad,sorrowful,1
669,sad,gloomy,1
670,suit,case,1
671,suit,accommodate,1
672,suit,fit,1
673,suit,cause,1
674,suit,courtship,1
675,suit,courting,1
676,suit,wooing,1
677,suit,beseem,1
678,suit,become,1
679,suit,befit,1
680,horse,knight,1
681,horse,scag,1
682,horse,junk,1
683,horse,cavalry,1
684,horse,heroin,1
685,horse,sawhorse,1
686,horse,sawbuck,1
687,horse,buck,1
688,small,mean,1
689,small,diminutive,1
690,small,modest,1
691,small,soft,1
692,small,moderate,1
693,small,fine,1
694,small,bantam,1
695,small,slender,1
696,small,puny,1
697,table,defer,1
698,table,remit,1
699,table,board,1
700,table,postpone,1
701,table,mesa,1
702,pillow,rest,1
703,field,subject,1
704,field,plain,1
705,field,domain,1
706,field,discipline,1
707,field,area,1
708,field,study,1
709,field,sphere,1
710,field,orbit,1
711,field,battlefield,1
712,tie,draw,1
713,tie,link,1
714,tie,association,1
715,tie,connect,1
716,tie,bind,1
717,tie,affiliation,1
718,tie,sleeper,1
719,tie,necktie,1
720,tie,standoff,1
721,cup,transfuse,1
722,cup,cupful,1
723,pants,trousers,1
724,pants,drawers,1
725,pants,knickers,1
726,pants,bloomers,1
727,sponge,bum,1
728,sponge,parasite,1
729,sponge,cadge,1
730,sponge,minion,1
731,sponge,grub,1
732,sponge,mooch,1
733,sponge,poriferan,1
734,sponge,parazoan,1
735,sponge,leech,1
736,pot,slew,1
737,pot,spate,1
738,pot,mass,1
739,pot,pile,1
740,pot,deal,1
741,pot,mint,1
742,pot,batch,1
743,pot,peck,1
744,pot,sight,1
745,pot,gage,1
746,fish,mark,1
747,fish,fool,1
748,fish,sucker,1
749,fish,chump,1
750,fish,patsy,1
751,fish,angle,1
752,fish,gull,1
753,fish,shlemiel,1
754,fish,mug,1
755,fan,devotee,1
756,fan,buff,1
757,fan,afficionado,1
758,fan,winnow,1
759,fan,lover,1
760,fire,ardor,1
761,fire,fervor,1
762,fire,elicit,1
763,fire,evoke,1
764,fire,discharge,1
765,fire,provoke,1
766,fire,blast,1
767,fire,dismiss,1
768,fire,arouse,1
769,fire,fervour,1
770,salt,sharp,1
771,salt,tasteful,1
772,salt,brackish,1
773,salt,briny,1
774,salt,saliferous,1
775,salt,salinity,1
776,salt,salted,1
777,iron,robust,1
778,iron,chain,1
779,iron,chains,1
780,iron,irons,1
781,goat,butt,1
782,goat,stooge,1
783,hot,torrid,1
784,hot,fervid,1
785,hot,fervent,1
786,hot,sultry,1
787,hot,good,1
788,hot,sexy,1
789,hot,close,1
790,hot,sensual,1
791,hot,warm,1
792,hot,skilled,1
793,light,frivolous,1
794,light,clear,1
795,light,bright,1
796,light,livid,1
797,light,deficient,1
798,light,short,1
799,light,luminescent,1
800,light,casual,1
801,light,scant,1
802,out,stunned,1
803,out,taboo,1
804,out,prohibited,1
805,out,proscribed,1
806,out,tabu,1
807,out,extinguished,1
808,out,extinct,1
809,out,away,1
810,out,forbidden,1
811,go,break,1
812,go,crack,1
813,go,work,1
814,go,lead,1
815,go,plump,1
816,go,endure,1
817,go,function,1
818,go,pass,1
819,go,fit,1
820,go,run,1
821,end,close,1
822,end,terminate,1
823,end,oddment,1
824,end,death,1
825,end,conclusion,1
826,end,cease,1
827,end,goal,1
828,end,last,1
829,end,remnant,1
830,end,destruction,1
831,late,deep,1
832,late,tardily,1
833,late,new,1
834,late,modern,1
835,late,ripe,1
836,late,posthumous,1
837,late,former,1
838,late,previous,1
839,late,advanced,1
840,late,recently,1
841,low,dejected,1
842,low,modest,1
843,low,soft,1
844,low,abject,1
845,low,blue,1
846,low,downcast,1
847,low,dispirited,1
848,low,deficient,1
849,low,deep,1
850,low,inferior,1
851,soft,tender,1
852,soft,delicate,1
853,soft,mellow,1
854,soft,subdued,1
855,soft,light,1
856,soft,dull,1
857,soft,compliant,1
858,soft,emollient,1
859,soft,indulgent,1
860,soft,lenient,1
861,thin,light,1
862,thin,tenuous,1
863,thin,haggard,1
864,thin,gossamer,1
865,thin,lean,1
866,thin,diaphanous,1
867,thin,fine,1
868,thin,slender,1
869,thin,sleazy,1
870,thin,weak,1
871,dry,wry,1
872,dry,plain,1
873,dry,unemotional,1
874,dry,arid,1
875,dry,solid,1
876,dry,desiccated,1
877,dry,scorched,1
878,dry,humorous,1
879,dry,ironic,1
880,dry,parched,1
881,strong,robust,1
882,strong,vehement,1
883,strong,substantial,1
884,strong,potent,1
885,strong,intense,1
886,strong,heavy,1
887,strong,severe,1
888,strong,virile,1
889,strong,warm,1
890,strong,brawny,1
891,poor,mean,1
892,poor,hapless,1
893,poor,wretched,1
894,poor,destitute,1
895,poor,pitiful,1
896,poor,inadequate,1
897,poor,deficient,1
898,poor,piteous,1
899,poor,short,1
900,poor,bad,1
901,false,hollow,1
902,false,mendacious,1
903,false,specious,1
904,false,faux,1
905,false,sham,1
906,false,counterfeit,1
907,false,fictitious,1
908,false,delusive,1
909,false,insincere,1
910,false,sour,1
911,lose,miss,1
912,lose,recede,1
913,lose,misplace,1
914,lose,mislay,1
915,pull,puff,1
916,pull,draw,1
917,pull,drive,1
918,pull,drag,1
919,pull,twist,1
920,pull,fetch,1
921,pull,rip,1
922,pull,rend,1
923,pull,tear,1
924,take,yield,1
925,take,convey,1
926,take,issue,1
927,take,conduct,1
928,take,engage,1
929,take,necessitate,1
930,take,lead,1
931,take,consider,1
932,take,direct,1
933,take,hold,1
934,sell,deal,1
935,sell,betray,1
936,sell,trade,1
937,cry,squall,1
938,cry,weep,1
939,cry,holler,1
940,cry,call,1
941,cry,exclaim,1
942,cry,scream,1
943,cry,shout,1
944,cry,yell,1
945,cry,outcry,1
946,cry,vociferation,1
947,outside,extraneous,1
948,outside,extrinsic,1
949,outside,extra,1
950,outside,remote,1
951,outside,exterior,1
952,outside,maximum,1
953,outside,external,1
954,outside,away,1
955,outside,maximal,1
956,new,radical,1
957,new,novel,1
958,new,hot,1
959,new,parvenu,1
960,new,raw,1
961,new,original,1
962,new,fresh,1
963,new,newfound,1
964,new,modern,1
965,empty,vacuous,1
966,empty,hollow,1
967,empty,void,1
968,empty,discharge,1
969,empty,bare,1
970,empty,open,1
971,empty,white,1
972,empty,clean,1
973,empty,eliminate,1
974,empty,vacant,1
975,dead,cold,1
976,dead,short,1
977,dead,barren,1
978,dead,abruptly,1
979,dead,precise,1
980,dead,stagnant,1
981,dead,defunct,1
982,dead,beat,1
983,dead,absolutely,1
984,dead,numb,1
985,danger,peril,1
986,danger,risk,1
987,sour,sullen,1
988,sour,dour,1
989,sour,morose,1
990,sour,sharp,1
991,sour,acerbic,1
992,sour,dark,1
993,sour,tart,1
994,sour,glum,1
995,sour,malodorous,1
996,sour,acerb,1
997,quiet,repose,1
998,quiet,subdued,1
999,quiet,tranquil,1
1000,quiet,soft,1
1001,quiet,quiescent,1
1002,quiet,lull,1
1003,quiet,tranquility,1
1004,quiet,restrained,1
1005,quiet,muted,1
1006,quiet,calm,1
1007,wrong,base,1
1008,wrong,erroneous,1
1009,wrong,deplorable,1
1010,wrong,fallacious,1
1011,wrong,awry,1
1012,wrong,immoral,1
1013,wrong,improper,1
1014,wrong,misguided,1
1015,wrong,unsuitable,1
1016,last,close,1
1017,last,endure,1
1018,last,high,1
1019,last,terminus,1
1020,last,terminal,1
1021,last,ultimate,1
1022,last,utmost,1
1023,last,death,1
1024,last,conclusion,1
1025,last,penultimate,1
1026,there,thither,1
1027,ant,anti,1
1028,ant,pismire,1
1029,ant,emmet,1
1030,fly,flee,1
1031,fly,pilot,1
1032,fly,vanish,1
1033,fly,wing,1
1034,fly,aviate,1
1035,ladybug,ladybird,1
1036,ladybug,ladybeetle,1
1037,baby,indulge,1
1038,baby,new,1
1039,baby,babe,1
1040,baby,cosset,1
1041,baby,infantile,1
1042,baby,pamper,1
1043,baby,child,1
1044,baby,coddle,1
1045,baby,mollycoddle,1
1046,baby,spoil,1
1047,calf,calfskin,1
1048,calf,sura,1
1049,piglet,shoat,1
1050,piglet,piggy,1
1051,black,mordant,1
1052,black,grim,1
1053,black,bleak,1
1054,black,evil,1
1055,black,wicked,1
1056,black,sinister,1
1057,black,dark,1
1058,black,dim,1
1059,black,dirty,1
1060,black,achromatic,1
1061,white,light,1
1062,white,good,1
1063,white,livid,1
1064,white,hot,1
1065,white,achromatic,1
1066,white,pure,1
1067,white,ashen,1
1068,white,clad,1
1069,white,clean,1
1070,white,empty,1
1071,yellow,chromatic,1
1072,yellow,old,1
1073,yellow,fearful,1
1074,yellow,irrational,1
1075,yellow,jaundiced,1
1076,yellow,unhealthy,1
1077,yellow,dishonorable,1
1078,yellow,chicken,1
1079,orange,chromatic,1
1080,orange,orangish,1
1081,orange,orangeness,1
1082,orange,colored,1
1083,purple,chromatic,1
1084,purple,noble,1
1085,purple,embellished,1
1086,purple,regal,1
1087,purple,majestic,1
1088,purple,rhetorical,1
1089,purple,violet,1
1090,purple,royal,1
1091,purple,purpurate,1
1092,purple,colorful,1
1093,brown,chromatic,1
1094,brown,brownish,1
1095,brown,brownness,1
1096,brown,colored,1
1097,gray,dull,1
1098,gray,hoary,1
1099,gray,achromatic,1
1100,gray,old,1
1101,gray,leaden,1
1102,gray,intermediate,1
1103,gray,cloudy,1
1104,gray,grey,1
1105,gray,colorless,1
1106,triangle,trigon,1
1107,triangle,trilateral,1
1108,square,conventional,1
1109,square,honest,1
1110,square,straight,1
1111,square,quadrate,1
1112,square,squarely,1
1113,square,squared,1
1114,square,foursquare,1
1115,circle,set,1
1116,circle,ring,1
1117,circle,lap,1
1118,circle,band,1
1119,circle,round,1
1120,circle,environ,1
1121,circle,circuit,1
1122,circle,surround,1
1123,circle,encircle,1
1124,circle,circulate,1
1125,oval,prolate,1
1126,oval,elliptic,1
1127,oval,ovate,1
1128,oval,ovoid,1
1129,oval,rounded,1
1130,oval,elliptical,1
1131,oval,oviform,1
1132,oval,ellipse,1
1133,star,adept,1
1134,star,stellar,1
1135,star,maven,1
1136,star,lead,1
1137,star,virtuoso,1
1138,star,sensation,1
1139,star,ace,1
1140,star,principal,1
1141,star,genius,1
1142,star,wizard,1
1143,heart,essence,1
1144,heart,core,1
1145,heart,affection,1
1146,heart,spirit,1
1147,heart,bosom,1
1148,heart,pith,1
1149,heart,substance,1
1150,heart,mettle,1
1151,heart,marrow,1
1152,heart,fondness,1
1153,freezer,deepfreeze,1
1154,dryer,drier,1
1155,tool,drive,1
1156,tool,creature,1
1157,tool,dick,1
1158,tool,instrument,1
1159,tool,pecker,1
1160,tool,peter,1
1161,tool,puppet,1
1162,tool,joyride,1
1163,tool,shaft,1
1164,nail,blast,1
1165,nail,pass,1
1166,nail,complete,1
1167,nail,apprehend,1
1168,nail,arrest,1
1169,nail,smash,1
1170,nail,collar,1
1171,nail,boom,1
1172,nail,peg,1
1173,scale,surmount,1
1174,scale,shell,1
1175,scale,plate,1
1176,scale,scurf,1
1177,scale,descale,1
1178,binoculars,binocular,1
1179,tv,television,1
1180,tv,telly,1
1181,tv,video,1
1182,tv,telecasting,1
1183,voice,sound,1
1184,voice,part,1
1185,voice,articulation,1
1186,voice,vocalize,1
1187,voice,interpreter,1
1188,voice,spokesperson,1
1189,voice,vocalization,1
1190,brain,head,1
1191,brain,nous,1
1192,brain,mind,1
1193,brain,genius,1
1194,brain,mentality,1
1195,brain,brainpower,1
1196,brain,encephalon,1
1197,brain,mastermind,1
1198,nose,scent,1
1199,nose,poke,1
1200,nose,nuzzle,1
1201,nose,wind,1
1202,nose,nozzle,1
1203,nose,pry,1
1204,tongue,clapper,1
1205,tongue,glossa,1
1206,tongue,spit,1
1207,tongue,knife,1
1208,tongue,lingua,1
1209,hands,workforce,1
1210,hands,custody,1
1211,hands,men,1
1212,hands,manpower,1
1213,eye,heart,1
1214,eye,oculus,1
1215,eye,peeper,1
1216,eye,centre,1
1217,eye,optic,1
1218,eye,eyeball,1
1219,eye,middle,1
1220,eye,center,1
1221,ear,auricle,1
1222,ear,pinna,1
1223,ear,capitulum,1
1224,ear,spike,1
1225,mouth,sass,1
1226,mouth,speak,1
1227,mouth,backtalk,1
1228,mouth,mouthpiece,1
1229,mouth,lip,1
1230,mouth,talk,1
1231,mouth,verbalize,1
1232,mouth,sassing,1
1233,mouth,utter,1
1234,chin,mentum,1
1235,chin,kuki,1
1236,arm,fortify,1
1237,arm,subdivision,1
1238,arm,gird,1
1239,arm,sleeve,1
1240,arm,weapon,1
1241,arm,branch,1
1242,leg,stage,1
1243,leg,peg,1
1244,leg,fork,1
1245,leg,pegleg,1
1246,leg,branch,1
1247,back,support,1
1248,back,endorse,1
1249,back,substantiate,1
1250,back,cover,1
1251,back,spine,1
1252,back,gage,1
1253,back,game,1
1254,back,punt,1
1255,back,stake,1
1256,back,rear,1
1257,head,lead,1
1258,head,direct,1
1259,head,point,1
1260,head,nous,1
1261,head,pass,1
1262,head,maneuver,1
1263,head,principal,1
1264,head,mind,1
1265,head,top,1
1266,head,steer,1
1267,neck,cervix,1
1268,foot,base,1
1269,foot,foundation,1
1270,foot,pick,1
1271,foot,fundament,1
1272,foot,groundwork,1
1273,foot,substructure,1
1274,foot,infantry,1
1275,foot,hoof,1
1276,hand,give,1
1277,hand,pass,1
1278,hand,reach,1
1279,hand,deal,1
1280,hand,hook,1
1281,hand,script,1
1282,hand,paw,1
1283,hand,mitt,1
1284,livingroom,parlor,1
1285,livingroom,parlour,1
1286,office,power,1
1287,office,authority,1
1288,office,position,1
1289,office,function,1
1290,office,berth,1
1291,office,agency,1
1292,office,part,1
1293,office,post,1
1294,office,spot,1
1295,office,situation,1
1296,store,stock,1
1297,store,depot,1
1298,store,storage,1
1299,store,reposition,1
1300,store,entrepot,1
1301,store,shop,1
1302,store,fund,1
1303,store,stow,1
1304,church,christianity,1
1305,hospital,infirmary,1
1306,airport,aerodrome,1
1307,airport,airdrome,1
1308,station,base,1
1309,station,post,1
1310,station,send,1
1311,station,place,1
1312,tuesday,tues,1
1313,wednesday,wed,1
1314,friday,fri,1
1315,saturday,sat,1
1316,sunday,good,1
1317,sunday,best,1
1318,sunday,sun,1
1319,january,jan,1
1320,february,feb,1
1321,march,exhibit,1
1322,march,demonstrate,1
1323,march,stride,1
1324,march,process,1
1325,march,parade,1
1326,march,marching,1
1327,march,mar,1
1328,april,apr,1
1329,may,get,1
1330,may,might,1
1331,may,can,1
1332,may,whitethorn,1
1333,august,noble,1
1334,august,revered,1
1335,august,grand,1
1336,august,aug,1
1337,august,honorable,1
1338,august,honourable,1
1339,august,lordly,1
1340,august,venerable,1
1341,september,sep,1
1342,september,sept,1
1343,october,oct,1
1344,november,nov,1
1345,december,dec,1
1346,summer,summertime,1
1347,autumn,fall,1
1348,plane,level,1
1349,plane,flat,1
1350,plane,skim,1
1351,plane,even,1
1352,plane,sheet,1
1353,plane,shave,1
1354,plane,airplane,1
1355,plane,aeroplane,1
1356,plane,planer,1
1357,car,automobile,1
1358,car,machine,1
1359,car,auto,1
1360,car,gondola,1
1361,car,motorcar,1
1362,car,railcar,1
1363,train,cultivate,1
1364,train,direct,1
1365,train,develop,1
1366,train,discipline,1
1367,train,check,1
1368,train,take,1
1369,train,condition,1
1370,train,coach,1
1371,train,prepare,1
1372,train,string,1
1373,submarine,wedge,1
1374,submarine,torpedo,1
1375,submarine,sub,1
1376,submarine,bomber,1
1377,submarine,subsurface,1
1378,submarine,hoagie,1
1379,submarine,pigboat,1
1380,submarine,hoagy,1
1381,rocket,skyrocket,1
1382,rocket,arugula,1
1383,rocket,roquette,1
1384,cheetah,chetah,1
1385,sloth,acedia,1
1386,sloth,slothfulness,1
1387,sloth,laziness,1
1388,dolphin,dolphinfish,1
1389,dolphin,mahimahi,1
1390,whale,hulk,1
1391,whale,heavyweight,1
1392,whale,giant,1
1393,hedgehog,porcupine,1
1394,coconut,coco,1
1395,coconut,cocoanut,1
1396,juice,succus,1
1397,water,sudor,1
1398,water,piddle,1
1399,water,diaphoresis,1
1400,water,perspiration,1
1401,water,hidrosis,1
1402,water,sweat,1
1403,water,irrigate,1
1404,water,urine,1
1405,popsicle,lolly,1
1406,popsicle,lollipop,1
1407,candy,glaze,1
1408,candy,sugarcoat,1
1409,gum,mumble,1
1410,gum,mucilage,1
1411,gum,glue,1
1412,gum,gingiva,1
1413,gum,gumwood,1
1414,happy,halcyon,1
1415,happy,content,1
1416,happy,bright,1
1417,happy,felicitous,1
1418,happy,riant,1
1419,happy,expansive,1
1420,happy,elysian,1
1421,happy,joyful,1
1422,happy,pleased,1
1423,happy,euphoric,1
1424,sun,sunlight,1
1425,sun,sunshine,1
1426,sun,sunbathe,1
1427,sun,sunday,1
1428,ten,cardinal,1
1429,ten,decade,1
1430,ten,tenner,1
1431,door,threshold,1
1432,door,doorway,1
1433,rain,pelting,1
1434,rain,rainfall,1
1435,rain,rainwater,1
1436,big,conspicuous,1
1437,big,prodigious,1
1438,big,intense,1
1439,big,ample,1
1440,big,important,1
1441,big,prominent,1
1442,big,heavy,1
1443,big,broad,1
1444,big,great,1
1445,big,extensive,1
1446,leaf,foliage,1
1447,leaf,riffle,1
1448,leaf,folio,1
1449,leaf,flick,1
1450,leaf,riff,1
1451,leaf,thumb,1
1452,leaf,leafage,1
1453,leaf,flip,1
1454,window,windowpane,1
1455,giraffe,camelopard,1
1456,bicycle,cycle,1
1457,bicycle,pedal,1
1458,bicycle,wheel,1
1459,bicycle,bike,1
1460,seal,cachet,1
1461,seal,stamp,1
1462,seal,varnish,1
1463,seal,sealskin,1
1464,mailbox,postbox,1
1465,crow,gloat,1
1466,crow,brag,1
1467,crow,crowing,1
1468,crow,vaporing,1
1469,crow,bragging,1
1470,crow,corvus,1
1471,crow,triumph,1
1472,backpack,pack,1
1473,backpack,haversack,1
1474,backpack,rucksack,1
1475,backpack,knapsack,1
1476,slug,slog,1
1477,slug,swig,1
1478,slug,bullet,1
1479,slug,sluggard,1
1480,wolf,brute,1
1481,wolf,beast,1
1482,wolf,wildcat,1
1483,wolf,masher,1
1484,wolf,savage,1
1485,fox,confound,1
1486,fox,throw,1
1487,fox,trick,1
1488,fox,confuse,1
1489,fox,fuddle,1
1490,fox,befuddle,1
1491,fox,slyboots,1
1492,fox,bedevil,1
1493,fox,dodger,1
1494,shovel,digger,1
1495,shovel,excavator,1
1496,shovel,spadeful,1
1497,shovel,shovelful,1
1498,taco,greaser,1
1499,taco,wetback,1
1500,octopus,devilfish,1
1501,pineapple,ananas,1
1502,swan,assert,1
1503,swan,affirm,1
1504,swan,cast,1
1505,swan,drift,1
1506,swan,ramble,1
1507,swan,vagabond,1
1508,swan,range,1
1509,swan,aver,1
1510,swan,rove,1
1511,swan,roam,1
1512,mat,snarl,1
1513,mat,dull,1
1514,mat,flat,1
1515,mat,tangle,1
1516,mat,matt,1
1517,mat,matte,1
1518,mat,entangle,1
1519,mat,flatness,1
1520,wall,bulwark,1
1521,wall,rampart,1
1522,wall,palisade,1
1523,wall,fence,1
1524,wall,surround,1
1525,wall,paries,1
1526,rake,profligate,1
1527,rake,pitch,1
1528,rake,graze,1
1529,rake,skim,1
1530,rake,rip,1
1531,rake,roue,1
1532,rake,crease,1
1533,rake,scan,1
1534,brush,sweep,1
1535,brush,thicket,1
1536,brush,encounter,1
1537,brush,copse,1
1538,brush,skirmish,1
1539,brush,clash,1
1540,brush,coppice,1
1541,brush,kiss,1
1542,brush,brushing,1
1543,cream,emollient,1
1544,cream,skim,1
1545,cream,pick,1
1546,cream,ointment,1
1547,cream,soupy,1
1548,cream,creamy,1
1549,can,stern,1
1550,can,butt,1
1551,can,ass,1
1552,can,dismiss,1
1553,can,bum,1
1554,can,privy,1
1555,can,prat,1
1556,can,terminate,1
1557,can,fire,1
1558,can,bottom,1
1559,stairs,steps,1
1560,stairs,staircase,1
1561,stairs,stairway,1
1562,clam,dollar,1
1563,clam,buck,1
1564,deer,cervid,1
1565,knob,pommel,1
1566,knob,node,1
1567,raccoon,racoon,1
1568,board,room,1
1569,board,table,1
1570,board,panel,1
1571,board,card,1
1572,board,plank,1
1573,board,gameboard,1
1574,jellyfish,medusa,1
1575,jellyfish,medusan,1
1576,mole,bulwark,1
1577,mole,jetty,1
1578,mole,groin,1
1579,mole,breakwater,1
1580,mole,groyne,1
1581,mole,seawall,1
1582,mole,mol,1
1583,mole,counterspy,1
1584,peeler,ecdysiast,1
1585,peeler,stripper,1
1586,peeler,stripteaser,1
1587,peeler,striptease,1
1588,skunk,lurch,1
1589,skunk,bum,1
1590,skunk,gage,1
1591,skunk,rat,1
1592,skunk,pot,1
1593,skunk,weed,1
1594,skunk,rotter,1
1595,skunk,grass,1
1596,skunk,sess,1
1597,skunk,crumb,1
1598,shrimp,runt,1
1599,shrimp,peewee,1
1600,shrimp,prawn,1
1601,curtain,pall,1
1602,curtain,drape,1
1603,curtain,drapery,1
1604,curtain,mantle,1
1605,squid,calamary,1
1606,squid,calamari,1
1607,carpet,rug,1
1608,carpet,carpeting,1
1609,blind,besotted,1
1610,blind,subterfuge,1
1611,blind,stiff,1
1612,blind,dim,1
1613,blind,wet,1
1614,blind,imprudent,1
1615,blind,inebriated,1
1616,blind,plastered,1
1617,blind,intoxicated,1
1618,blind,tight,1
1619,beaver,castor,1
1620,beaver,topper,1
1621,beaver,stovepipe,1
1622,kettle,tympanum,1
1623,kettle,timpani,1
1624,kettle,kettledrum,1
1625,kettle,boiler,1
1626,kettle,tympani,1
1627,kettle,kettleful,1
1628,mint,strike,1
1629,mint,slew,1
1630,mint,spate,1
1631,mint,mass,1
1632,mint,pile,1
1633,mint,deal,1
1634,mint,batch,1
1635,mint,peck,1
1636,mint,sight,1
1637,mint,mess,1
1638,blender,liquidizer,1
1639,vacuum,vacuity,1
1640,vacuum,hoover,1
1641,heater,hummer,1
1642,heater,bullet,1
1643,heater,fastball,1
1644,heater,warmer,1
1645,heater,smoke,1
1646,instant,imperative,1
1647,instant,exigent,1
1648,instant,insistent,1
1649,instant,minute,1
1650,instant,clamant,1
1651,instant,second,1
1652,instant,crying,1
1653,instant,jiffy,1
1654,filter,strain,1
1655,filter,permeate,1
1656,filter,dribble,1
1657,filter,percolate,1
1658,filter,trickle,1
1659,filter,filtrate,1
1660,trim,plain,1
1661,trim,lean,1
1662,trim,reduce,1
1663,trim,thin,1
1664,trim,crop,1
1665,trim,spare,1
1666,trim,clip,1
1667,trim,garnish,1
1668,trim,cut,1
1669,trim,tidy,1
1670,bean,noodle,1
1671,bean,noggin,1
1672,bean,attic,1
1673,panel,board,1
1674,panel,jury,1
1675,panel,empanel,1
1676,panel,impanel,1
1677,roast,joint,1
1678,roast,knock,1
1679,roast,cooked,1
1680,roast,roasted,1
1681,beam,glow,1
1682,beam,air,1
1683,beam,transmit,1
1684,beam,radiate,1
1685,beam,shine,1
1686,beam,broadcast,1
1687,beam,send,1
1688,beam,ray,1
1689,ground,base,1
1690,ground,establish,1
1691,ground,prime,1
1692,ground,anchor,1
1693,ground,land,1
1694,ground,soil,1
1695,ground,basis,1
1696,ground,background,1
1697,ground,earth,1
1698,detector,sensor,1
1699,detector,demodulator,1
1700,brew,infuse,1
1701,brew,steep,1
1702,brew,brewage,1
1703,alarm,dismay,1
1704,alarm,appall,1
1705,alarm,appal,1
1706,alarm,alarum,1
1707,alarm,horrify,1
1708,alarm,alert,1
1709,beet,beetroot,1
1710,possum,opossum,1
1711,possum,phalanger,1
1712,sensor,detector,1
1713,computer,reckoner,3
1714,computer,calculator,3
1715,computer,estimator,3
1716,computer,figurer,3
1717,newspaper,paper,3
1718,newspaper,newsprint,3
1719,airplane,plane,3
1720,airplane,aeroplane,3
1721,cinema,celluloid,3
1722,cinema,film,3
1723,piano,soft,3
1724,piano,softly,3
1725,piano,pianissimo,3
1726,piano,pianoforte,3
1727,chess,cheat,3
1728,crosswalk,crossing,3
1729,rhino,rhinoceros,3
1730,refrigerator,icebox,3
1731,stadium,bowl,3
1732,stadium,arena,3
1733,bakery,baking,3
1734,elevator,lift,3
1735,chocolate,umber,3
1736,chocolate,coffee,3
1737,chocolate,cocoa,3
1738,lime,linden,3
1739,lime,calx,3
1740,lime,birdlime,3
1741,lime,quicklime,3
1742,lime,basswood,3
1743,kid,banter,3
1744,kid,tyke,3
1745,kid,minor,3
1746,kid,chaff,3
1747,kid,child,3
1748,kid,jolly,3
1749,kid,nestling,3
1750,kid,fry,3
1751,kid,tike,3
1752,kid,tiddler,3
1753,christmas,yule,3
1754,christmas,xmas,3
1755,christmas,noel,3
1756,christmas,yuletide,3
1757,tadpole,polliwog,3
1758,tadpole,pollywog,3
1759,aquarium,vivarium,3
1760,robin,redbreast,3
1761,garlic,ail,3
1762,sunglasses,shades,3
1763,pharmacy,dispensary,3
1764,pharmacy,drugstore,3
1765,checkers,draughts,3
1766,chameleon,chamaeleon,3
1767,harbor,hold,3
1768,harbor,shield,3
1769,harbor,nurse,3
1770,harbor,entertain,3
1771,harbor,seaport,3
1772,harbor,harbour,3
1773,harbor,haven,3
1774,raincoat,waterproof,3
1775,risk,peril,3
1776,risk,chance,3
1777,risk,adventure,3
1778,risk,jeopardy,3
1779,risk,danger,3
1780,fawn,creep,3
1781,fawn,cringe,3
1782,fawn,grovel,3
1783,fawn,cower,3
1784,fawn,toady,3
1785,fawn,crawl,3
1786,fawn,dun,3
1787,fawn,kowtow,3
1788,fawn,bootlick,3
1789,fawn,truckle,3
1790,sunflower,helianthus,3
1791,scrabble,scribble,3
1792,battleship,battlewagon,3
1793,walrus,seahorse,3
1794,circus,carnival,3
1795,omelette,omelet,3
1796,moose,elk,3
1797,dove,squab,3
1798,dove,peacenik,3
1799,peach,babble,3
1800,peach,denounce,3
1801,peach,stag,3
1802,peach,sweetheart,3
1803,peach,rat,3
1804,peach,betray,3
1805,peach,apricot,3
1806,peach,beauty,3
1807,peach,dish,3
1808,peach,knockout,3
1809,nightclub,cabaret,3
1810,mist,obscure,3
1811,mist,fog,3
1812,mist,befog,3
1813,mist,cloud,3
1814,mist,becloud,3
1815,flashlight,torch,3
1816,clue,hint,3
1817,clue,cue,3
1818,clue,clew,3
1819,kiwi,apteryx,3
1820,platform,program,3
1821,platform,chopine,3
1822,platform,platforms,3
1823,platform,chopines,3
1824,raven,guttle,3
1825,raven,prey,3
1826,raven,devour,3
1827,raven,gulp,3
1828,raven,pig,3
1829,boxing,fisticuffs,3
1830,boxing,pugilism,3
1831,boxing,packing,3
1832,anteater,pangolin,3
1833,anteater,aardvark,3
1834,anteater,numbat,3
1835,anteater,echidna,3
1836,vet,veterinary,3
1837,vet,veterinarian,3
1838,vet,veteran,3
1839,chain,range,3
1840,chain,string,3
1841,chain,iron,3
1842,chain,chains,3
1843,chain,irons,3
1844,opossum,possum,3
1845,opossum,phalanger,3
1846,oatmeal,burgoo,3
1847,shark,usurer,3
1848,shark,moneylender,3
1849,cooler,tank,3
1850,running,operative,3
1851,running,run,3
1852,running,track,3
1853,running,functional,3
1854,running,fleeing,3
1855,running,scampering,3
1856,running,working,3
1857,running,linear,3
1858,hyena,hyaena,3
1859,ladle,laden,3
1860,ladle,lade,3
1861,sprinkles,jimmies,3
1862,dominos,dominoes,3
1863,syrup,sirup,3
1864,mall,promenade,3
1865,mall,center,3
1866,mall,plaza,3
1867,buckle,heave,3
1868,buckle,clasp,3
1869,buckle,warp,3
1870,buckle,crumple,3
1871,tangerine,chromatic,3
1872,tangerine,colored,3
1873,theater,house,3
1874,theater,dramaturgy,3
1875,theater,theatre,3
1876,theater,dramatics,3
1877,prune,trim,3
1878,prune,crop,3
1879,prune,clip,3
1880,prune,cut,3
1881,prune,dress,3
1882,prune,snip,3
1883,prune,rationalize,3
1884,prune,lop,3
1885,porcupine,hedgehog,3
1886,poker,salamander,3
1887,apricot,peach,3
1888,cherry,chromatic,3
1889,cherry,carmine,3
1890,cherry,ruddy,3
1891,cherry,crimson,3
1892,cherry,scarlet,3
1893,cherry,ruby,3
1894,plum,clean,3
1895,plum,plumb,3
1896,wrestling,grapple,3
1897,wrestling,wrestle,3
1898,wrestling,grappling,3
1899,wrestling,rassling,3
1900,beanie,beany,3
1901,lollipop,sucker,3
1902,lollipop,popsicle,3
1903,lollipop,lolly,3
1904,safari,campaign,3
1905,pajamas,pyjamas,3
1906,pajamas,pajama,3
1907,pajamas,pyjama,3
1908,diamond,adamant,3
1909,diamond,infield,3
1910,bookstore,bookshop,3
1911,bookstore,bookstall,3
1912,turkey,joker,3
1913,turkey,dud,3
1914,turkey,bomb,3
1915,court,solicit,3
1916,court,homage,3
1917,court,tribunal,3
1918,court,courtyard,3
1919,court,judicature,3
1920,court,woo,3
1921,court,courtroom,3
1922,court,motel,3
1923,dart,flutter,3
1924,dart,dash,3
1925,dart,scud,3
1926,dart,scoot,3
1927,dart,shoot,3
1928,dart,flit,3
1929,dart,fleet,3
1930,dart,flash,3
1931,caterpillar,cat,3
1932,caterpillar,tracked,3
1933,husky,robust,3
1934,husky,gruff,3
1935,husky,hoarse,3
1936,husky,cacophonous,3
1937,husky,cacophonic,3
1938,husky,beefy,3
1939,husky,burly,3
1940,husky,strapping,3
1941,husky,buirdly,3
1942,defeat,frustration,3
1943,defeat,overcome,3
1944,defeat,kill,3
1945,defeat,licking,3
1946,modern,contemporary,3
1947,modern,innovative,3
1948,modern,stylish,3
1949,modern,new,3
1950,modern,last,3
1951,modern,advanced,3
1952,modern,neo,3
1953,modern,fashionable,3
1954,modern,latest,3
1955,cowardly,timid,3
1956,cowardly,craven,3
1957,cowardly,faint,3
1958,cowardly,fearful,3
1959,cowardly,recreant,3
1960,cowardly,dastardly,3
1961,cowardly,caitiff,3
1962,cowardly,fainthearted,3
1963,shrink,recoil,3
1964,shrink,cringe,3
1965,shrink,reduce,3
1966,shrink,contract,3
1967,shrink,flinch,3
1968,shrink,quail,3
1969,shrink,squinch,3
1970,shrink,funk,3
1971,shrink,shrivel,3
1972,shrink,psychiatrist,3
1973,silent,implicit,3
1974,silent,tacit,3
1975,silent,mute,3
1976,silent,quiet,3
1977,silent,inarticulate,3
1978,silent,implied,3
1979,silent,dumb,3
1980,silent,soundless,3
1981,silent,inexplicit,3
1982,silent,mum,3
1983,rough,crude,3
1984,rough,boisterous,3
1985,rough,abrasive,3
1986,rough,scabrous,3
1987,rough,fierce,3
1988,rough,hard,3
1989,rough,difficult,3
1990,rough,rugged,3
1991,rough,aggressive,3
1992,rough,grating,3
1993,refuse,decline,3
1994,refuse,reject,3
1995,refuse,defy,3
1996,refuse,deny,3
1997,refuse,resist,3
1998,refuse,garbage,3
1999,refuse,scraps,3
2000,vanish,fly,3
2001,vanish,disappear,3
2002,vanish,fell,3
2003,destroy,ruin,3
2004,destroy,demolish,3
2005,depart,part,3
2006,depart,deviate,3
2007,depart,start,3
2008,depart,stray,3
2009,depart,digress,3
2010,depart,diverge,3
2011,depart,straggle,3
2012,depart,quit,3
2013,depart,leave,3
2014,expensive,costly,3
2015,expensive,overpriced,3
2016,expensive,pricy,3
2017,expensive,pricey,3
2018,complex,byzantine,3
2019,complex,intricate,3
2020,complex,convoluted,3
2021,complex,tortuous,3
2022,complex,compound,3
2023,complex,labyrinthine,3
2024,complex,composite,3
2025,complex,multiplex,3
2026,complex,tangled,3
2027,complex,involved,3
2028,deep,esoteric,3
2029,deep,profound,3
2030,deep,inscrutable,3
2031,deep,intense,3
2032,deep,artful,3
2033,deep,cryptic,3
2034,deep,heavy,3
2035,deep,broad,3
2036,deep,recondite,3
2037,deep,rich,3
2038,wide,ample,3
2039,wide,heavy,3
2040,wide,broad,3
2041,wide,extensive,3
2042,wide,thick,3
2043,wide,open,3
2044,wide,panoptic,3
2045,wide,considerable,3
2046,wide,deep,3
2047,awake,arouse,3
2048,awake,awaken,3
2049,awake,wake,3
2050,awake,alive,3
2051,awake,waken,3
2052,awake,alert,3
2053,angry,indignant,3
2054,angry,wild,3
2055,angry,livid,3
2056,angry,irate,3
2057,angry,aggravated,3
2058,angry,incensed,3
2059,angry,umbrageous,3
2060,angry,black,3
2061,angry,ireful,3
2062,angry,irascible,3
2063,full,ample,3
2064,full,good,3
2065,full,sonorous,3
2066,full,heavy,3
2067,full,broad,3
2068,full,inundated,3
2069,full,rich,3
2070,full,replete,3
2071,full,complete,3
2072,full,round,3
2073,sick,light,3
2074,sick,giddy,3
2075,sick,cast,3
2076,sick,delirious,3
2077,sick,faint,3
2078,sick,scrofulous,3
2079,sick,infirm,3
2080,sick,cat,3
2081,sick,stricken,3
2082,sick,mad,3
2083,illegal,black,3
2084,illegal,hot,3
2085,illegal,dirty,3
2086,illegal,illicit,3
2087,illegal,bootleg,3
2088,illegal,criminal,3
2089,illegal,prohibited,3
2090,illegal,illegitimate,3
2091,illegal,unlawful,3
2092,illegal,felonious,3
2093,rude,crude,3
2094,rude,primitive,3
2095,rude,raw,3
2096,rude,natural,3
2097,rude,unrefined,3
2098,rude,early,3
2099,rude,impolite,3
2100,rude,uncivil,3
2101,rude,lowbred,3
2102,hate,detest,3
2103,hate,hatred,3
2104,passion,cacoethes,3
2105,passion,love,3
2106,passion,rage,3
2107,passion,heat,3
2108,passion,warmth,3
2109,passion,mania,3
2110,grief,heartache,3
2111,grief,heartbreak,3
2112,grief,sorrow,3
2113,joy,delight,3
2114,joy,pleasure,3
2115,joy,rejoice,3
2116,joy,joyfulness,3
2117,joy,joyousness,3
2118,joy,gladden,3
2119,terror,scourge,3
2120,terror,panic,3
2121,terror,brat,3
2122,terror,threat,3
2123,rage,passion,3
2124,rage,furor,3
2125,rage,storm,3
2126,rage,cult,3
2127,rage,craze,3
2128,rage,furore,3
2129,rage,madness,3
2130,rage,ramp,3
2131,rage,fad,3
2132,rage,fury,3
2133,faith,trust,3
2134,faith,religion,3
2135,insight,perceptivity,3
2136,insight,penetration,3
2137,insight,brainwave,3
2138,insight,brainstorm,3
2139,vision,sight,3
2140,vision,imagination,3
2141,intellect,mind,3
2142,intellect,intellectual,3
2143,intellect,reason,3
2144,ability,power,3
2145,experience,have,3
2146,experience,feel,3
2147,experience,live,3
2148,experience,get,3
2149,experience,undergo,3
2150,experience,know,3
2151,experience,receive,3
2152,motivation,need,3
2153,motivation,motive,3
2154,opportunity,chance,3
2155,outcome,issue,3
2156,outcome,consequence,3
2157,outcome,effect,3
2158,outcome,result,3
2159,outcome,upshot,3
2160,strategy,scheme,3
2161,adventure,venture,3
2162,adventure,chance,3
2163,adventure,escapade,3
2164,adventure,jeopardize,3
2165,adventure,stake,3
2166,obstacle,obstruction,3
2167,blunder,stumble,3
2168,blunder,boob,3
2169,blunder,muff,3
2170,blunder,bollix,3
2171,blunder,spoil,3
2172,blunder,bobble,3
2173,blunder,bollocks,3
2174,blunder,fluff,3
2175,blunder,goof,3
2176,blunder,botch,3
2177,error,fault,3
2178,error,mistake,3
2179,error,wrongdoing,3
2180,error,misplay,3
2181,fix,set,3
2182,fix,secure,3
2183,fix,pose,3
2184,fix,muddle,3
2185,fix,determine,3
2186,fix,hole,3
2187,fix,make,3
2188,fix,mend,3
2189,fix,posit,3
2190,fix,location,3
2191,clarify,elucidate,3
2192,clarify,clear,3
2193,clarify,illuminate,3
2194,clarify,enlighten,3
2195,clarify,crystallize,3
2196,examine,probe,3
2197,examine,analyze,3
2198,examine,study,3
2199,examine,prove,3
2200,examine,test,3
2201,examine,analyse,3
2202,examine,try,3
2203,examine,essay,3
2204,detect,observe,3
2205,detect,find,3
2206,detect,notice,3
2207,detect,discover,3
2208,solve,resolve,3
2209,solve,work,3
2210,solve,lick,3
2211,achieve,attain,3
2212,achieve,reach,3
2213,achieve,accomplish,3
2214,effort,endeavor,3
2215,effort,drive,3
2216,effort,travail,3
2217,effort,endeavour,3
2218,effort,cause,3
2219,effort,exertion,3
2220,effort,movement,3
2221,effort,attempt,3
2222,effort,exploit,3
2223,effort,campaign,3
2224,persist,endure,3
2225,persist,run,3
2226,persist,prevail,3
2227,persist,persevere,3
2228,persist,remain,3
2229,persist,stay,3
2230,quit,relinquish,3
2231,quit,renounce,3
2232,quit,cease,3
2233,quit,depart,3
2234,quit,stop,3
2235,quit,discontinue,3
2236,quit,leave,3
2237,earn,clear,3
2238,earn,realize,3
2239,earn,make,3
2240,earn,gain,3
2241,earn,garner,3
2242,master,control,3
2243,master,subdue,3
2244,master,surmount,3
2245,master,original,3
2246,master,maestro,3
2247,master,lord,3
2248,master,overcome,3
2249,master,overlord,3
2250,master,dominate,3
2251,master,professional,3
2252,understand,infer,3
2253,understand,see,3
2254,understand,interpret,3
2255,understand,realize,3
2256,understand,sympathize,3
2257,understand,empathize,3
2258,understand,gather,3
2259,understand,read,3
2260,understand,translate,3
2261,rumor,bruit,3
2262,rumor,hearsay,3
2263,rumor,rumour,3
2264,antonym,opposite,3
2265,hyperbole,exaggeration,3
2266,irony,satire,3
2267,irony,sarcasm,3
2268,pun,wordplay,3
2269,pun,punning,3
2270,slip,shift,3
2271,slip,case,3
2272,slip,slew,3
2273,slip,berth,3
2274,slip,sneak,3
2275,slip,slue,3
2276,slip,chemise,3
2277,slip,trip,3
2278,slip,splay,3
2279,slip,slick,3
2280,essay,assay,3
2281,essay,examine,3
2282,essay,attempt,3
2283,essay,seek,3
2284,essay,prove,3
2285,essay,test,3
2286,essay,try,3
2287,fable,allegory,3
2288,fable,parable,3
2289,fable,legend,3
2290,fable,apologue,3
2291,fable,fabrication,3
2292,fable,fiction,3
2293,fiction,fable,3
2294,fiction,fabrication,3
2295,biography,life,3
2296,fantasy,fancy,3
2297,fantasy,illusion,3
2298,fantasy,phantasy,3
2299,mystery,secret,3
2300,mystery,whodunit,3
2301,mystery,enigma,3
2302,romance,solicit,3
2303,romance,court,3
2304,romance,flirt,3
2305,romance,coquette,3
2306,romance,dally,3
2307,romance,mash,3
2308,romance,philander,3
2309,romance,woo,3
2310,comedy,drollery,3
2311,comedy,funniness,3
2312,comedy,clowning,3
2313,tragedy,calamity,3
2314,tragedy,cataclysm,3
2315,tragedy,catastrophe,3
2316,tragedy,disaster,3
2317,film,take,3
2318,film,flick,3
2319,film,picture,3
2320,film,shoot,3
2321,film,celluloid,3
2322,film,cinema,3
2323,film,movie,3
2324,photograph,snap,3
2325,photograph,exposure,3
2326,photograph,shoot,3
2327,photograph,photo,3
2328,sculpture,sculpt,3
2329,sculpture,carving,3
2330,sculpture,grave,3
2331,gradient,slope,3
2332,contrast,line,3
2333,contrast,demarcation,3
2334,contrast,counterpoint,3
2335,symmetry,balance,3
2336,symmetry,proportion,3
2337,chaos,pandemonium,3
2338,chaos,bedlam,3
2339,ideal,apotheosis,3
2340,ideal,paragon,3
2341,ideal,abstract,3
2342,ideal,nonpareil,3
2343,ideal,perfect,3
2344,ideal,idealistic,3
2345,ideal,saint,3
2346,ideal,nonesuch,3
2347,ideal,nonsuch,3
2348,ideal,utopian,3
2349,structure,architecture,3
2350,structure,construction,3
2351,disorder,disquiet,3
2352,disorder,disarray,3
2353,disorder,trouble,3
2354,disorder,upset,3
2355,disorder,perturb,3
2356,disorder,cark,3
2357,disorder,distract,3
2358,disorder,unhinge,3
2359,framework,model,3
2360,framework,frame,3
2361,framework,framing,3
2362,framework,fabric,3
2363,foundation,base,3
2364,foundation,cornerstone,3
2365,foundation,creation,3
2366,foundation,basis,3
2367,foundation,initiation,3
2368,foundation,instauration,3
2369,foundation,fundament,3
2370,foundation,groundwork,3
2371,foundation,origination,3
2372,foundation,foot,3
2373,core,essence,3
2374,core,pith,3
2375,core,effect,3
2376,core,substance,3
2377,core,marrow,3
2378,core,heart,3
2379,core,meat,3
2380,core,kernel,3
2381,core,nucleus,3
2382,core,nub,3
2383,essence,core,3
2384,essence,pith,3
2385,essence,effect,3
2386,essence,substance,3
2387,essence,marrow,3
2388,essence,heart,3
2389,essence,meat,3
2390,essence,kernel,3
2391,essence,nub,3
2392,essence,perfume,3
2393,persona,character,3
2394,persona,part,3
2395,persona,image,3
2396,persona,role,3
2397,reputation,report,3
2398,reputation,repute,3
2399,status,position,3
2400,status,condition,3
2401,tradition,custom,3
2402,rebel,renegade,3
2403,rebel,rise,3
2404,rebel,insurgent,3
2405,rebel,arise,3
2406,rebel,grayback,3
2407,rebel,rebellious,3
2408,rebel,johnny,3
2409,rebel,mutineer,3
2410,authority,sanction,3
2411,authority,dominance,3
2412,authority,agency,3
2413,authority,confidence,3
2414,authority,assurance,3
2415,authority,office,3
2416,authority,sureness,3
2417,corruption,depravity,3
2418,corruption,putrescence,3
2419,corruption,degeneracy,3
2420,corruption,corruptness,3
2421,corruption,rottenness,3
2422,corruption,putridness,3
2423,justice,magistrate,3
2424,justice,judge,3
2425,justice,jurist,3
2426,justice,judicature,3
2427,justice,justness,3
2428,injustice,iniquity,3
2429,injustice,unjustness,3
2430,injustice,unfairness,3
2431,equality,equivalence,3
2432,equality,par,3
2433,oppression,subjugation,3
2434,liberty,autonomy,3
2435,liberty,familiarity,3
2436,liberty,impropriety,3
2437,liberty,indecorum,3
2438,autonomy,liberty,3
2439,democracy,commonwealth,3
2440,democracy,republic,3
2441,dictatorship,tyranny,3
2442,dictatorship,despotism,3
2443,dictatorship,absolutism,3
2444,dictatorship,monocracy,3
2445,dictatorship,shogunate,3
2446,dictatorship,caesarism,3
2447,dictatorship,stalinism,3
2448,legislation,legislating,3
2449,legislation,lawmaking,3
2450,criminal,deplorable,3
2451,criminal,malefactor,3
2452,criminal,felon,3
2453,criminal,wrong,3
2454,criminal,guilty,3
2455,criminal,crook,3
2456,criminal,condemnable,3
2457,criminal,outlaw,3
2458,criminal,felonious,3
2459,officer,officeholder,3
2460,officer,policeman,3
2461,accusation,charge,3
2462,accusation,accusal,3
2463,evidence,ascertain,3
2464,evidence,manifest,3
2465,evidence,demonstrate,3
2466,evidence,show,3
2467,evidence,tell,3
2468,evidence,prove,3
2469,evidence,attest,3
2470,evidence,certify,3
2471,evidence,grounds,3
2472,evidence,testify,3
2473,comb,ransack,3
2474,comb,disentangle,3
2475,comb,cockscomb,3
2476,comb,coxcomb,3
2477,comb,combing,3
2478,avocado,chromatic,3
2479,avocado,colored,3
2480,screw,bang,3
2481,screw,ass,3
2482,screw,love,3
2483,screw,shag,3
2484,screw,chicane,3
2485,screw,hump,3
2486,screw,know,3
2487,screw,bonk,3
2488,screw,chouse,3
2489,bolt,bang,3
2490,bolt,dash,3
2491,bolt,abscond,3
2492,bolt,slapdash,3
2493,bolt,absquatulate,3
2494,bolt,gobble,3
2495,bolt,rigidly,3
2496,bolt,slap,3
2497,lasagna,lasagne,3
2498,grizzly,silvertip,3
2499,wrench,wring,3
2500,wrench,twist,3
2501,wrench,turn,3
2502,wrench,pull,3
2503,wrench,wrick,3
2504,wrench,spanner,3
2505,wrench,sprain,3
2506,wrench,rick,3
2507,jalapeno,cayenne,3
2508,yeast,barm,3
2509,gyro,gyroscope,3
2510,baguette,baguet,3
2511,oyster,huitre,3
2512,clasp,clutch,3
2513,clasp,hold,3
2514,clasp,clench,3
2515,clasp,grip,3
2516,clasp,clutches,3
2517,clasp,brooch,3
2518,clasp,buckle,3
2519,clasp,grasp,3
2520,oregano,marjoram,3
2521,gopher,goffer,3
2522,gopher,spermophile,3
2523,mantis,mantid,3
2524,drape,pall,3
2525,drape,pose,3
2526,drape,drapery,3
2527,drape,curtain,3
2528,drape,mantle,3
2529,badger,tease,3
2530,badger,bug,3
2531,badger,harass,3
2532,badger,pester,3
2533,badger,beleaguer,3
2534,tapestry,tapis,3
2535,tapestry,arras,3
2536,echidna,anteater,3
2537,chive,cive,3
2538,chive,schnittlaugh,3
2539,chive,chives,3
2540,aardvark,anteater,3
2541,shallot,eschalot,3
2542,banner,large,3
2543,banner,big,3
2544,banner,streamer,3
2545,banner,superior,3
2546,platypus,duckbill,3
2547,capybara,capibara,3
2548,sage,chromatic,3
2549,sage,wise,3
2550,sage,guru,3
2551,sage,mahatma,3
2552,sage,colored,3
2553,sage,salvia,3
2554,fennel,finocchio,3
2555,baseboard,mopboard,3
2556,tarragon,estragon,3
2557,tread,stride,3
2558,tread,pace,3
2559,tread,step,3
2560,tread,trample,3
2561,glider,sailplane,3
2562,arugula,rocket,3
2563,arugula,roquette,3
2564,frappe,ice,3
2565,watercress,chromatic,3
2566,watercress,colored,3
2567,watercress,cresson,3
2568,molding,mold,3
2569,molding,border,3
2570,molding,casting,3
2571,molding,modeling,3
2572,molding,moulding,3
2573,molding,mould,3
2574,endive,escarole,3
2575,endive,witloof,3
2576,cornice,valance,3
2577,cornice,pelmet,3
2578,medallion,palm,3
2579,medallion,ribbon,3
2580,medallion,decoration,3
2581,medallion,medal,3
2582,extractor,centrifuge,3
2583,extractor,separator,3
2584,wainscot,wainscoting,3
2585,wainscot,wainscotting,3
2586,wainscot,dado,3
2587,orangutan,orang,3
2588,orangutan,orangutang,3
2589,grounds,cause,3
2590,grounds,evidence,3
2591,grounds,yard,3
2592,grounds,dregs,3
2593,grounds,reason,3
2594,casing,case,3
2595,casing,shell,3
2596,disposal,disposition,3
2597,millipede,millepede,3
2598,millipede,milliped,3
2599,grub,give,3
2600,grub,bum,3
2601,grub,cadge,3
2602,grub,chow,3
2603,grub,feed,3
2604,grub,sponge,3
2605,grub,ferret,3
2606,grub,mooch,3
2607,grub,eats,3
2608,grub,chuck,3
2609,chinch,bedbug,3
2610,rafter,baulk,3
2611,rafter,balk,3
2612,borer,woodborer,3
2613,thrip,thrips,3
2614,thrip,thripid,3
2615,footer,walker,3
2616,footer,pedestrian,3
2617,numbat,anteater,3
2618,forgery,counterfeit,4
2619,forgery,imitation,4
2620,conspiracy,cabal,4
2621,conspiracy,confederacy,4
2622,scheme,intrigue,4
2623,scheme,strategy,4
2624,scheme,connive,4
2625,scheme,dodge,4
2626,scheme,dodging,4
2627,ruse,artifice,4
2628,deception,legerdemain,4
2629,deception,illusion,4
2630,deception,deceit,4
2631,deception,magic,4
2632,deception,trick,4
2633,deception,dissembling,4
2634,manipulation,use,4
2635,manipulation,handling,4
2636,illusion,fancy,4
2637,illusion,legerdemain,4
2638,illusion,deception,4
2639,illusion,semblance,4
2640,illusion,fantasy,4
2641,illusion,phantasy,4
2642,illusion,magic,4
2643,illusion,trick,4
2644,consciousness,cognizance,4
2645,consciousness,awareness,4
2646,consciousness,knowingness,4
2647,contemplation,musing,4
2648,contemplation,rumination,4
2649,contemplation,reflection,4
2650,contemplation,reflexion,4
2651,contemplation,meditation,4
2652,deliberation,calculation,4
2653,deliberation,slowness,4
2654,deliberation,advisement,4
2655,deliberation,weighing,4
2656,reasoning,intelligent,4
2657,reasoning,thinking,4
2658,flaw,defect,4
2659,flaw,blemish,4
2660,flaw,fault,4
2661,validation,validating,4
2662,validation,proving,4
2663,validation,proof,4
2664,authorization,authority,4
2665,authorization,mandate,4
2666,authorization,empowerment,4
2667,consent,acquiescence,4
2668,consent,assent,4
2669,consent,accept,4
2670,coercion,compulsion,4
2671,controversy,contention,4
2672,controversy,tilt,4
2673,controversy,argument,4
2674,controversy,contestation,4
2675,controversy,arguing,4
2676,resistance,opposition,4
2677,resistance,impedance,4
2678,resistance,resistor,4
2679,resistance,resistivity,4
2680,resistance,underground,4
2681,breakdown,partitioning,4
2682,breakdown,dislocation,4
2683,deterioration,impairment,4
2684,deterioration,worsening,4
2685,detonation,explosion,4
2686,accumulation,assemblage,4
2687,accumulation,aggregation,4
2688,accumulation,collection,4
2689,accumulation,accretion,4
2690,accumulation,accrual,4
2691,accumulation,accruement,4
2692,expansion,enlargement,4
2693,recovery,retrieval,4
2694,recovery,recuperation,4
2695,renewal,revival,4
2696,renewal,reclamation,4
2697,renewal,replacement,4
2698,renewal,refilling,4
2699,transformation,shift,4
2700,transformation,translation,4
2701,adjustment,alteration,4
2702,adjustment,adaptation,4
2703,adjustment,modification,4
2704,adjustment,allowance,4
2705,adjustment,registration,4
2706,adjustment,readjustment,4
2707,adjustment,fitting,4
2708,replica,reproduction,4
2709,imitation,faux,4
2710,imitation,substitute,4
2711,imitation,counterfeit,4
2712,imitation,caricature,4
2713,imitation,ersatz,4
2714,imitation,unreal,4
2715,imitation,artificial,4
2716,imitation,fake,4
2717,imitation,false,4
2718,imitation,simulated,4
2719,innovation,conception,4
2720,innovation,excogitation,4
2721,innovation,design,4
2722,innovation,invention,4
2723,concept,construct,4
2724,concept,conception,4
2725,prototype,paradigm,4
2726,prototype,epitome,4
2727,prototype,image,4
2728,product,intersection,4
2729,product,production,4
2730,product,merchandise,4
2731,product,wares,4
2732,metric,measured,4
2733,metric,rhythmic,4
2734,metric,rhythmical,4
2735,metric,metrical,4
2736,consequence,issue,4
2737,consequence,effect,4
2738,consequence,outcome,4
2739,consequence,result,4
2740,consequence,aftermath,4
2741,consequence,upshot,4
2742,consequence,import,4
2743,consequence,moment,4
2744,cascade,cataract,4
2745,cascade,falls,4
2746,cascade,waterfall,4
2747,trigger,spark,4
2748,trigger,activate,4
2749,trigger,trip,4
2750,trigger,induction,4
2751,trigger,initiation,4
2752,trigger,actuate,4
2753,origin,line,4
2754,origin,stock,4
2755,origin,source,4
2756,origin,root,4
2757,origin,inception,4
2758,origin,descent,4
2759,origin,pedigree,4
2760,origin,extraction,4
2761,origin,origination,4
2762,origin,lineage,4
2763,conclusion,close,4
2764,conclusion,terminus,4
2765,conclusion,last,4
2766,conclusion,end,4
2767,conclusion,decision,4
2768,conclusion,finis,4
2769,conclusion,finish,4
2770,conclusion,termination,4
2771,conclusion,finale,4
2772,pause,break,4
2773,pause,hesitate,4
2774,pause,intermission,4
2775,pause,interruption,4
2776,pause,intermit,4
2777,pause,suspension,4
2778,halt,staunch,4
2779,halt,hold,4
2780,halt,check,4
2781,halt,stem,4
2782,halt,hitch,4
2783,halt,arrest,4
2784,halt,block,4
2785,halt,settle,4
2786,halt,stanch,4
2787,halt,crippled,4
2788,terminate,dismiss,4
2789,terminate,fire,4
2790,terminate,cease,4
2791,terminate,end,4
2792,terminate,sack,4
2793,terminate,stop,4
2794,terminate,finish,4
2795,initiate,enlightened,4
2796,initiate,novice,4
2797,initiate,tyro,4
2798,initiate,induct,4
2799,initiate,experienced,4
2800,initiate,start,4
2801,initiate,pundit,4
2802,initiate,beginner,4
2803,initiate,tiro,4
2804,initiate,initiated,4
2805,emerge,issue,4
2806,evolve,develop,4
2807,adjust,set,4
2808,adjust,conform,4
2809,adjust,adapt,4
2810,adjust,align,4
2811,adjust,aline,4
2812,cope,contend,4
2813,cope,manage,4
2814,cope,grapple,4
2815,cope,deal,4
2816,cope,coping,4
2817,cope,header,4
2818,resilience,buoyancy,4
2819,resilience,resiliency,4
2820,pressure,coerce,4
2821,pressure,press,4
2822,pressure,pressing,4
2823,pressure,insistence,4
2824,pressure,blackmail,4
2825,pressure,blackjack,4
2826,pressure,insistency,4
2827,catharsis,abreaction,4
2828,catharsis,katharsis,4
2829,serenity,repose,4
2830,serenity,ataraxis,4
2831,serenity,tranquility,4
2832,serenity,placidity,4
2833,serenity,quiet,4
2834,serenity,peace,4
2835,serenity,peacefulness,4
2836,serenity,heartsease,4
2837,trance,charm,4
2838,trance,beguile,4
2839,trance,entrance,4
2840,trance,enchantment,4
2841,trance,bewitch,4
2842,trance,capture,4
2843,trance,captivate,4
2844,trance,enamor,4
2845,trance,spell,4
2846,trance,catch,4
2847,concentration,assiduity,4
2848,concentration,absorption,4
2849,concentration,density,4
2850,concentration,engrossment,4
2851,concentration,compactness,4
2852,concentration,denseness,4
2853,distraction,beguilement,4
2854,impulse,impetus,4
2855,impulse,urge,4
2856,impulse,whim,4
2857,impulse,pulse,4
2858,impulse,vagary,4
2859,impulse,impulsion,4
2860,impulse,momentum,4
2861,impulse,pulsing,4
2862,impulse,pulsation,4
2863,restraint,control,4
2864,restraint,constraint,4
2865,restraint,chasteness,4
2866,restraint,simplicity,4
2867,abandon,desolate,4
2868,abandon,lurch,4
2869,abandon,give,4
2870,abandon,forsake,4
2871,abandon,desert,4
2872,abandon,empty,4
2873,abandon,wantonness,4
2874,abandon,vacate,4
2875,abandon,wildness,4
2876,closure,block,4
2877,closure,stop,4
2878,closure,closing,4
2879,closure,occlusion,4
2880,closure,stoppage,4
2881,closure,cloture,4
2882,closure,blockage,4
2883,closure,shutdown,4
2884,closure,closedown,4